Date,Account,Description,Amount,Account Type
2026-02-11,3000,Guess author work rather clearly.,-2841.41,Equity
2026-02-13,2000,Occur discussion crime soon board.,-5836.98,Liability
2025-08-17,4000,Bar morning particularly least central question.,-133.73,Revenue
2025-12-23,1000,Task race industry blood top I anything.,1114.85,Asset
2025-05-11,3000,Community together loss else east despite special.,1518.77,Equity
2025-04-24,4000,Himself successful week record administration.,772.5,Revenue
2025-11-20,2000,Yeah let history age risk.,2943.77,Liability
2025-04-14,4000,Especially police bit condition.,1891.45,Revenue
2026-01-03,3000,Nice use nice bar.,602.83,Equity
2025-06-17,1000,Former different others red marriage indicate important hand.,2709.24,Asset
2025-11-07,3000,Day TV born also school gun fight.,-225.43,Equity
2026-01-10,3000,Music safe choice himself week newspaper.,1192.95,Equity
2025-06-19,3000,Coach not eat smile society.,1615.17,Equity
2025-04-30,1000,Marriage vote kitchen piece moment address.,1356.57,Asset
2025-08-21,5000,Bill growth detail yet city nature.,-215.45,Expense
2026-03-30,2000,Painting thousand red trouble.,1878.54,Liability
2025-07-07,2000,Town someone various order school player.,-3256.32,Liability
2025-04-17,1000,Recently across however federal window perhaps.,1431.55,Asset
2025-07-27,5000,Firm government admit range.,-1947.41,Expense
2025-12-23,4000,Man likely school them it though American.,-589.19,Revenue
2025-06-13,4000,Record attention stock politics hit.,4725.08,Revenue
2025-04-12,5000,Kitchen she exist rise product.,1995.79,Expense
2026-02-16,5000,Today raise whole far area food involve deal.,-2930.25,Expense
2026-03-13,3000,Without a these ground.,2123.57,Equity
2025-09-12,2000,If artist each dream.,323.71,Liability
2025-10-11,4000,Production population develop true travel high scientist.,-1726.0,Revenue
2025-07-15,5000,Sign audience career.,314.73,Expense
2025-05-21,3000,Away subject attorney but.,733.35,Equity
2026-03-07,3000,All produce range agency thousand defense.,463.77,Equity
2025-06-01,2000,Story expert water.,70.34,Liability
2025-08-09,5000,Return common challenge above wrong.,-26.4,Expense
2025-11-07,4000,Media force choice language word team as.,-2835.83,Revenue
2026-03-05,3000,Develop science effort question.,2187.07,Equity
2025-06-16,2000,Almost yard attention at become.,-2488.19,Liability
2025-11-20,1000,Many wide option anything.,-1051.15,Asset
2025-09-16,1000,Both area standard offer establish film evening.,2272.8,Asset
2025-08-13,5000,Court yeah control gas now candidate.,161.94,Expense
2025-12-04,1000,Marriage six response suddenly need language center.,1105.18,Asset
2026-03-21,5000,Hear discussion town language trial radio wind black.,-439.76,Expense
2025-10-14,5000,Support night scientist design exactly.,790.76,Expense
2025-07-11,1000,Sea attention coach five.,285.95,Asset
2025-06-18,1000,Particularly road medical third talk at issue.,1415.67,Asset
2025-06-03,4000,Explain carry throughout raise.,2150.11,Revenue
2025-04-07,3000,Range black side attack second.,-373.97,Equity
2026-03-20,2000,Statement myself call put tough for woman.,-1948.03,Liability
2026-03-30,2000,Address enough majority.,1139.65,Liability
2025-07-31,5000,Pull make red per blood today very.,1468.24,Expense
2025-04-28,1000,Enter situation four ready.,1338.69,Asset
2025-10-23,2000,Final reach save.,-1045.78,Liability
2025-05-06,5000,Charge usually wait too plant visit.,304.31,Expense
2026-03-22,4000,Side really to miss maybe explain.,3583.19,Revenue
2025-12-29,5000,Movement especially money others try.,-1830.04,Expense
2025-08-22,5000,Both ground husband middle dark bill investment.,3612.37,Expense
2025-04-17,5000,Young onto and shoulder black throughout.,-3776.02,Expense
2025-09-14,1000,Trouble real finally street human.,1683.91,Asset
2025-12-31,3000,Lose officer information significant animal.,897.54,Equity
2026-03-01,1000,Forget personal state truth manage week religious.,-3353.97,Asset
2025-09-21,5000,Job large pressure cultural maybe.,2041.43,Expense
2025-08-05,5000,Choose modern season anyone court watch past.,1863.43,Expense
2025-08-26,5000,Ball price attack more who.,-227.3,Expense
2025-11-25,2000,Money focus region Democrat reduce last.,2901.02,Liability
2026-02-09,5000,Success safe return trouble what best.,3472.43,Expense
2025-10-03,3000,Decade put ball smile memory technology themselves tax.,199.74,Equity
2026-01-07,4000,Price fill country statement I blue.,-2142.56,Revenue
2025-04-06,1000,Address network community stand soon defense.,-304.28,Asset
2026-02-10,2000,Star speak positive home apply good social begin.,3337.42,Liability
2025-05-31,4000,Perform blue own knowledge.,76.21,Revenue
2026-01-10,1000,Skill spring fish bank power off hot dark.,2487.88,Asset
2026-01-31,4000,Pull industry same effort full.,955.73,Revenue
2026-03-24,3000,Half responsibility analysis study.,127.22,Equity
2025-06-29,2000,From meeting offer.,-219.8,Liability
2025-11-28,3000,National left sometimes become financial seat.,-1907.22,Equity
2026-02-10,4000,Rest current indeed final job product.,3570.79,Revenue
2025-04-05,5000,Beat particularly movement treat rule know middle.,295.71,Expense
2025-07-29,4000,Reflect how any still series sense whole.,129.59,Revenue
2025-10-14,5000,Chair be very poor human material.,-1149.4,Expense
2025-08-07,4000,Environmental far pass sign American team.,-429.73,Revenue
2026-01-10,3000,High when would.,-1155.59,Equity
2026-03-25,4000,Myself watch someone on collection weight employee.,661.17,Revenue
2025-11-13,4000,Character buy moment play.,-1834.67,Revenue
2026-03-31,1000,Heavy reason role doctor.,3935.64,Asset
2025-04-20,1000,Budget can few.,505.73,Asset
2025-11-29,4000,Daughter idea enter bank political.,2753.33,Revenue
2025-11-08,5000,Money effort lawyer decision return price who raise.,19.8,Expense
2025-08-05,5000,Develop almost bring discuss high near thus.,-435.63,Expense
2025-06-19,2000,Seat language born.,2817.66,Liability
2025-12-10,4000,Character nation huge far politics.,1660.39,Revenue
2025-12-06,2000,Week idea or person type debate meeting animal.,341.86,Liability
2025-07-21,2000,Cup page eye animal feel order development.,2063.87,Liability
2025-08-01,5000,Performance drive million drive.,2501.11,Expense
2025-09-18,2000,Hundred drive arrive degree produce spend.,1125.93,Liability
2025-10-28,3000,Spring too lay everything condition.,-1003.63,Equity
2026-04-03,3000,Door capital security individual choose total suggest forward.,-2399.43,Equity
2025-10-31,5000,Significant wear clearly within star.,173.63,Expense
2025-08-24,5000,Speech least really cell ability drive.,-230.17,Expense
2026-02-01,3000,Offer theory nearly series.,3319.99,Equity
2026-03-30,3000,Order move around who war fear.,2380.74,Equity
2025-11-28,5000,Return possible skin for.,2819.1,Expense
2025-11-17,4000,Ground record heavy ten consider about total top.,-4796.63,Revenue
2025-10-02,4000,Pull science these.,-975.66,Revenue
2025-07-19,1000,Name include around speak ready federal main several.,-2974.49,Asset
2025-06-26,2000,Measure society even surface single dream.,4180.78,Liability
2026-02-19,2000,Radio author measure wide school blue.,1231.13,Liability
2025-10-24,1000,Range seat onto cost by real simple.,-1283.34,Asset
2025-12-17,5000,Measure decision task sign about.,929.76,Expense
2025-10-08,2000,Remain keep never.,-870.08,Liability
2026-01-21,5000,Than ahead food hope although.,593.81,Expense
2025-04-19,1000,Sound nation possible speech sport.,3324.64,Asset
2025-12-24,2000,Put what deep point.,2133.02,Liability
2025-07-19,2000,Wall thing ever time quickly institution official popular.,1843.48,Liability
2025-08-11,2000,Cold PM enter someone campaign much by.,-1209.93,Liability
2026-03-17,4000,Together standard apply movement see.,806.91,Revenue
2025-05-06,1000,Think team voice.,-1632.79,Asset
2025-07-22,4000,Crime west wrong ahead.,2241.56,Revenue
2025-08-06,5000,Meeting card nothing one have scene ever effort.,1151.79,Expense
2025-05-22,4000,Remember at anything economy morning behind season.,-504.93,Revenue
2025-05-22,5000,Lot because see small watch.,-961.38,Expense
2026-03-03,4000,Nice bar late air they.,-300.16,Revenue
2025-12-31,2000,Spring simply there class.,1803.85,Liability
2025-06-22,3000,Around station fish music call sometimes same.,-2269.25,Equity
2025-06-17,5000,Positive wonder our consumer.,1355.92,Expense
2025-04-12,1000,Specific either body.,-368.36,Asset
2025-12-27,2000,Of inside born political situation student sound couple.,1580.47,Liability
2026-03-17,3000,Hear especially purpose successful.,349.17,Equity
2025-11-29,4000,Main research particular its often.,-909.08,Revenue
2025-04-14,3000,Recognize ability by stuff win song.,-446.4,Equity
2025-11-29,1000,Bag against fall to main thing.,-1158.25,Asset
2025-05-25,5000,Since their pressure hot officer.,1936.79,Expense
2025-04-17,4000,Arm follow statement notice own surface officer.,-224.71,Revenue
2025-06-28,5000,Approach specific try such.,-432.52,Expense
2026-03-07,1000,Raise along front drop imagine summer ground.,294.48,Asset
2025-04-11,3000,Gas first southern better community two economic.,3696.55,Equity
2025-04-05,3000,Bar interview upon like others.,3758.98,Equity
2026-02-12,3000,Dark control guy adult very by television.,-2311.18,Equity
2025-05-31,5000,Second shoulder TV then reduce minute tell.,554.51,Expense
2026-04-01,2000,Black figure other every.,-833.61,Liability
2025-05-02,1000,Available how director threat film law.,75.49,Asset
2025-10-01,3000,Onto prove any benefit.,505.89,Equity
2025-06-14,5000,Class partner who firm system full nice.,4127.44,Expense
2025-10-30,3000,Energy various event address.,-2679.08,Equity
2025-11-16,5000,Popular everybody democratic best test firm always apply.,-1096.51,Expense
2026-02-19,5000,Option red our support.,1474.78,Expense
2026-03-23,5000,Head generation finish fine live trouble occur.,2679.91,Expense
2025-06-28,1000,Professor else form back ask even physical.,-1322.15,Asset
2025-07-31,1000,Fund life if instead form.,-0.34,Asset
2025-06-05,3000,Else boy change treat by provide.,1845.36,Equity
2025-07-14,2000,Medical executive black my hold pass.,-1697.79,Liability
2025-08-06,4000,Door movement he prepare.,2626.35,Revenue
2026-03-22,3000,Exactly edge person myself.,3476.02,Equity
2025-06-08,1000,Surface likely student miss behavior kid.,1124.75,Asset
2026-03-30,5000,Authority career college.,1108.61,Expense
2025-12-21,3000,Lawyer not figure network.,-862.61,Equity
2026-01-03,2000,Team kid speech guess live until.,-1175.72,Liability
2025-06-10,4000,Expert expert draw establish.,466.72,Revenue
2025-09-26,2000,Television century make art.,652.57,Liability
2025-09-20,1000,Yourself argue beat board attention.,2719.03,Asset
2025-08-18,2000,Allow seven explain now true rule left.,-557.64,Liability
2026-03-29,3000,Party lay almost population rise high plant.,-1486.97,Equity
2025-08-30,2000,Various defense really during will someone finally.,-775.04,Liability
2025-04-12,2000,Past others last father chair few book.,-69.9,Liability
2025-04-19,5000,Too leg war claim.,916.33,Expense
2025-05-26,4000,Word open data character.,-111.35,Revenue
2025-09-30,4000,Size half part degree car personal.,-67.74,Revenue
2025-07-29,1000,Play room that task.,767.0,Asset
2025-08-20,4000,Situation believe often science alone image.,-547.98,Revenue
2025-12-17,2000,Speech include exactly.,462.03,Liability
2025-07-05,2000,Raise husband catch manager late.,-3414.65,Liability
2025-11-05,5000,Experience participant kind east us body parent.,-1577.42,Expense
2026-03-09,2000,Kind include scientist evidence structure or game.,-324.24,Liability
2025-09-05,3000,Argue every like tree.,3311.74,Equity
2025-08-17,4000,Ever think something they need piece ever.,-1069.62,Revenue
2025-05-12,3000,Read apply whom poor generation professional.,4182.4,Equity
2025-10-01,4000,Color interest director security.,-424.51,Revenue
2025-05-26,1000,Carry world none unit money.,467.71,Asset
2025-11-18,2000,Security almost pattern either at anything well.,3185.54,Liability
2025-12-09,2000,Young power decision loss dog able.,2806.24,Liability
2025-07-07,1000,Piece sell remember energy half.,133.88,Asset
2025-05-25,2000,Statement economic wide increase organization.,562.84,Liability
2025-10-19,1000,Professional talk push leader building material most through.,714.77,Asset
2025-10-19,5000,Buy join care difference.,3192.22,Expense
2025-05-03,5000,Forget next church give.,-1538.66,Expense
2026-03-25,4000,Him test throw now.,-2271.07,Revenue
2025-11-01,1000,Eye step indicate walk close debate vote.,1038.98,Asset
2025-11-23,3000,Another place experience outside.,-1084.35,Equity
2025-04-08,1000,State concern surface more.,-2854.84,Asset
2025-12-15,3000,Start these trial.,-2111.93,Equity
2025-05-17,5000,Attack safe course your also.,2977.12,Expense
2026-01-10,4000,Size example worry night campaign job population.,2676.87,Revenue
2025-12-27,2000,Total consumer civil remain.,336.47,Liability
2026-03-20,3000,Phone financial article mission whether probably.,3188.13,Equity
2025-12-02,4000,Seek paper fill item sell toward throughout well.,-2503.04,Revenue
2026-04-03,2000,Manager development size our.,3221.31,Liability
2025-10-21,3000,Movement popular within create former attorney if.,127.98,Equity
2025-08-13,1000,Rock week among feeling deep majority southern.,382.02,Asset
2025-09-07,1000,Fund foreign way difficult condition.,-993.48,Asset
2025-07-25,1000,Eight admit first relate.,393.3,Asset
2025-05-07,3000,Herself rise all onto stay.,-2642.4,Equity
2026-02-28,1000,We remember create start yet.,-435.98,Asset
2025-11-16,4000,Do west fear fight everyone sport yeah.,316.2,Revenue
2026-01-10,4000,Arm social music health.,-815.47,Revenue
2025-09-08,2000,Shoulder forward bill when ahead.,-1013.23,Liability
2025-04-06,5000,Democrat manage science run same then center.,33.22,Expense
2026-01-19,3000,Shake me Mr job play small include.,4034.18,Equity
2025-05-31,2000,Right identify property interest.,3559.9,Liability
2025-11-17,4000,Break side imagine whatever evidence beautiful create.,761.52,Revenue
2025-06-18,2000,Others night though mouth worry.,1926.18,Liability
2025-10-26,4000,Evidence election yes character protect field similar begin.,1081.84,Revenue
2025-07-29,2000,See practice mouth arrive deal account.,12.85,Liability
2025-06-17,4000,Official box move.,658.21,Revenue
2025-12-26,2000,Individual attention thousand myself fear.,-686.54,Liability
2026-01-20,3000,Almost popular meeting some fact with around daughter.,1957.75,Equity
2026-03-30,4000,Floor for Congress threat.,-1432.76,Revenue
2025-11-22,3000,Interest interview side push stop reflect.,3755.57,Equity
2025-07-09,2000,Sure whose southern way stock whole apply factor.,659.12,Liability
2026-02-11,5000,Plant raise several nearly vote hot deal.,-2929.5,Expense
2025-09-25,1000,Thus place film style Congress leave sure check.,75.13,Asset
2025-09-14,5000,Moment month thing such.,2997.85,Expense
2025-11-24,4000,Question executive travel look lay.,3812.0,Revenue
2025-07-24,5000,Answer add radio threat front Congress item.,1666.05,Expense
2025-06-10,3000,True present less whom.,3026.25,Equity
2025-09-23,5000,Night staff respond PM tell mean side brother.,-236.06,Expense
2025-05-01,5000,Our example people old.,3930.53,Expense
2026-01-17,3000,Expect even law report although.,2370.32,Equity
2026-01-30,5000,Keep consider brother like work into make.,365.92,Expense
2025-06-29,1000,Speech whole record dog customer ground here.,-75.88,Asset
2025-10-10,3000,Painting nothing for.,-796.32,Equity
2025-04-25,1000,Magazine dinner special manage language perhaps near.,3564.58,Asset
2026-03-25,2000,Ever outside wife though throughout region.,871.05,Liability
2025-08-05,4000,Community walk better may others majority and sure.,2233.94,Revenue
2025-08-10,3000,View forward now collection against treat.,-2955.25,Equity
2025-04-18,1000,Car ok green amount.,-667.93,Asset
2025-05-05,2000,Official week product close church energy image.,1128.93,Liability
2025-10-16,1000,Blue south although single.,3768.42,Asset
2025-10-27,3000,Opportunity black approach win box director.,-1235.16,Equity
2025-09-01,1000,Significant rather item case.,730.53,Asset
2025-11-12,2000,Sport environmental light beat involve.,-1007.69,Liability
2025-07-03,5000,Couple second player six herself go enter.,-2800.75,Expense
2025-12-12,4000,If reason single role.,1705.9,Revenue
2025-09-13,5000,Who win hot firm plan star.,516.56,Expense
2025-07-30,3000,Area game attack world throughout give.,1893.9,Equity
2025-09-30,3000,Life want across between fine clear.,-397.21,Equity
2025-07-15,2000,Religious my girl political Republican care election.,-671.17,Liability
2026-03-24,1000,Project create something individual yard radio.,2664.2,Asset
2026-03-05,2000,Begin toward go political key.,-499.47,Liability
2025-04-28,1000,Everybody deal girl president up decade.,437.87,Asset
2025-05-10,5000,Quite once weight.,113.53,Expense
2025-10-23,4000,Size live science factor economic interest.,-784.53,Revenue
2025-07-14,1000,Sign scene Republican suggest not recently.,-1478.17,Asset
2025-10-02,1000,Smile language thank still expert.,-187.99,Asset
2026-02-13,1000,Standard former ready none partner.,-2462.1,Asset
2025-12-20,4000,Land animal role board cut medical resource.,3022.88,Revenue
2025-08-28,2000,Present system trial interest anything.,-3937.21,Liability
2025-05-04,2000,Still road another store serve environmental hand.,-1113.46,Liability
2025-12-05,3000,Measure project vote while much already.,-1201.5,Equity
2025-12-26,3000,Mission threat avoid mind usually available friend.,-4549.51,Equity
2025-10-18,2000,Thought nothing detail particularly huge.,2176.67,Liability
2025-12-15,3000,Focus discuss action force.,1070.06,Equity
2025-09-01,4000,Leader so hair short.,-2332.99,Revenue
2025-05-01,1000,Experience social age hand quite.,2055.41,Asset
2025-08-25,1000,Fast politics drug rate artist certainly.,-606.82,Asset
2025-04-13,3000,Eye task understand such.,2689.82,Equity
2025-06-13,1000,Bill we hospital control they campaign.,-2081.15,Asset
2026-03-20,5000,Simply government finish heavy happy country above security.,2975.06,Expense
2025-07-11,3000,His per pick step source.,-1978.0,Equity
2026-02-01,4000,Food picture couple employee mouth generation.,-2388.94,Revenue
2025-07-08,3000,Doctor because marriage seat building major value.,1050.91,Equity
2025-08-21,2000,Garden choose popular.,2709.82,Liability
2025-06-23,5000,Summer stay it seek fine remember.,1083.38,Expense
2025-11-25,1000,Start upon significant glass admit set.,-1310.7,Asset
2025-12-27,4000,Memory cut so radio resource popular issue.,1517.09,Revenue
2026-03-10,1000,Couple front attack source another avoid church.,-3267.26,Asset
2025-05-27,1000,Individual benefit gun hold.,2561.29,Asset
2026-02-17,4000,Office hospital plan hundred table.,549.92,Revenue
2025-12-02,2000,Trade write yard sit we.,851.75,Liability
2025-11-06,4000,Call together determine order one treatment.,-231.37,Revenue
2026-01-17,4000,Property often sound market.,3711.03,Revenue
2025-05-08,4000,End building through four million.,-1776.51,Revenue
2025-07-12,3000,My start real for choose.,-2067.67,Equity
2026-02-14,2000,Stock what operation place doctor step rate.,-261.25,Liability
2025-10-23,1000,Argue still grow protect.,771.46,Asset
2026-03-04,3000,The mind do hold agree common population.,-378.62,Equity
2025-05-09,5000,Name wonder significant least daughter.,5440.73,Expense
2025-04-27,2000,Push eat various every add stop baby.,26.17,Liability
2026-01-23,5000,Economic control show indeed provide agent growth.,4169.57,Expense
2025-10-15,2000,Run important student agency myself.,749.26,Liability
2025-12-11,3000,Because person foot treat agency language.,1164.3,Equity
2025-11-14,4000,Kind themselves system control stock everybody hundred.,-757.41,Revenue
2025-11-09,1000,Somebody experience money class.,163.32,Asset
2025-08-13,3000,Contain window understand.,810.37,Equity
2025-04-16,2000,Lose responsibility seem you media interview learn.,-955.14,Liability
2025-11-29,2000,Despite history agency only finally treatment again.,1396.26,Liability
2025-10-27,4000,Beat know direction issue southern forward.,128.07,Revenue
2025-09-05,4000,Media Republican wind feel improve front be.,-233.74,Revenue
2025-09-08,5000,Increase there experience difference everybody.,2019.01,Expense
2025-08-08,4000,Kitchen near space consumer involve perhaps line he.,-2746.13,Revenue
2025-07-21,2000,Director either plant.,2108.6,Liability
2026-01-25,1000,Water plant personal open response or.,3413.65,Asset
2025-06-13,5000,Poor society key offer call place appear.,-2169.66,Expense
2025-08-04,4000,Page company painting responsibility health skin how population.,1637.57,Revenue
2025-05-15,1000,Task thank individual expect behind market.,908.37,Asset
2025-06-06,3000,Watch recent federal morning people first project.,-1387.42,Equity
2025-06-01,2000,Three popular upon above.,-1344.07,Liability
2025-11-24,5000,Travel million allow carry describe environmental foreign feeling.,3138.56,Expense
2025-10-11,3000,Part common above none civil character next.,839.19,Equity
2025-12-16,1000,Technology debate fear million.,-2235.37,Asset
2025-09-25,2000,Inside everybody war politics.,1457.56,Liability
2026-04-01,4000,Remember yes speech side their recent unit.,-3313.49,Revenue
2026-02-27,2000,Pay crime trial perhaps.,1084.06,Liability
2026-02-11,3000,Hope personal major difficult eight baby purpose.,351.51,Equity
2025-08-12,4000,Man real tend build option.,198.51,Revenue
2025-10-11,4000,Election wrong third church.,417.71,Revenue
2025-08-17,1000,Into guy strategy rock above.,-1424.72,Asset
2026-01-16,3000,Majority bring although future animal morning.,375.89,Equity
2025-11-14,1000,Anyone special letter success.,-3891.45,Asset
2025-04-23,5000,Assume season different rest.,2257.88,Expense
2025-10-17,2000,Guy product condition value east open become.,2594.21,Liability
2026-01-18,3000,Option party he.,3616.45,Equity
2025-08-19,4000,Affect blue wear at adult catch alone.,3256.77,Revenue
2026-03-24,4000,Identify response card various plant low positive.,-2691.48,Revenue
2025-06-26,3000,Magazine they somebody gun.,-2088.74,Equity
2025-04-08,5000,Role edge strong compare author marriage.,-2488.53,Expense
2025-05-12,1000,Blue boy public party property population possible music.,-813.21,Asset
2025-04-17,4000,Ability security book never.,1002.87,Revenue
2025-06-10,2000,Meeting computer past.,408.26,Liability
2025-05-31,3000,Score college rock ahead daughter.,1450.65,Equity
2025-07-11,4000,Activity card goal week present.,567.82,Revenue
2025-10-07,2000,Wind movie since describe phone for deal.,478.26,Liability
2025-05-27,2000,Best stay sense citizen stop civil.,-111.55,Liability
2025-10-29,5000,Truth black medical one system couple.,3838.47,Expense
2026-02-24,2000,Professor future simply experience all today save face.,-804.34,Liability
2025-06-23,3000,Laugh deal score wall itself well.,-62.56,Equity
2025-06-11,1000,Public nice against.,-3225.97,Asset
2025-05-20,3000,Very financial check pass happy cut more.,3723.14,Equity
2026-02-02,4000,College customer land my sea sure turn.,568.57,Revenue
2026-03-25,2000,Draw whom defense responsibility main.,-2552.81,Liability
2025-04-29,4000,Huge bill generation ahead.,784.67,Revenue
2026-03-13,3000,Result here protect also answer wall factor.,290.43,Equity
2025-12-23,3000,Blood actually world although actually.,399.76,Equity
2026-01-23,3000,Game remain democratic prove.,1298.64,Equity
2025-04-04,1000,Lose yourself recent staff care.,274.68,Asset
2025-07-27,5000,Fill peace support nature.,-2183.81,Expense
2025-07-11,2000,Finally degree degree box.,-734.91,Liability
2025-07-05,5000,Serious nice often gas become to.,1226.74,Expense
2025-04-12,4000,Culture full worker indicate specific whatever.,-2346.35,Revenue
2025-06-07,5000,Also we phone term over since language.,-220.37,Expense
2025-06-19,5000,Per even forward season.,439.25,Expense
2026-01-14,1000,She dark financial radio personal when animal.,-12.82,Asset
2025-07-14,5000,Prevent baby nice particular.,606.73,Expense
2025-06-28,2000,Thing administration big subject foreign play later.,508.76,Liability
2025-06-25,5000,Present election reveal they school.,764.68,Expense
2025-11-13,2000,Control when public cup stuff analysis federal baby.,2852.08,Liability
2025-11-21,1000,Fine forget suffer standard civil region lawyer reach.,-3661.41,Asset
2025-08-24,3000,All attorney explain state.,913.78,Equity
2025-11-19,4000,Effect indeed president including.,1708.05,Revenue
2026-01-14,1000,Office same society campaign case.,786.89,Asset
2026-01-15,1000,Address them strategy if everybody world yeah.,3108.99,Asset
2025-09-29,4000,Somebody four wait.,1138.25,Revenue
2025-09-29,5000,Send ground often sport deal better.,2137.42,Expense
2025-08-25,2000,Experience evidence first large building push bad.,-3290.94,Liability
2025-11-26,3000,Bar town own contain sound hear.,2517.08,Equity
2025-10-18,2000,Sing may daughter candidate analysis hear nothing.,2147.59,Liability
2025-05-29,5000,Represent catch drop among push couple debate.,4155.87,Expense
2026-02-20,2000,House compare tonight bag property itself for.,-168.02,Liability
2025-12-14,5000,Improve usually these space across.,-2112.6,Expense
2025-07-14,3000,Special goal although remember improve have.,-392.3,Equity
2025-07-02,2000,Understand remember teach nice.,-1790.46,Liability
2026-04-01,2000,For want especially avoid deal reflect almost.,-782.77,Liability
2026-03-02,5000,Race company behavior try education year.,-159.98,Expense
2026-01-04,1000,Computer trade standard around find really rock.,-1491.02,Asset
2025-11-03,2000,Name your cultural should any.,1932.67,Liability
2025-11-18,4000,Resource under here civil.,175.85,Revenue
2025-06-13,1000,Think most water in.,1645.77,Asset
2025-06-21,5000,Guess their want out protect recent of.,3930.62,Expense
2025-10-31,4000,Summer blue treat season beautiful.,2041.93,Revenue
2025-10-03,1000,Station deal stuff toward.,2845.66,Asset
2025-05-25,3000,Girl out try upon different sign.,-884.43,Equity
2025-11-19,3000,Evening about exist state stand.,619.91,Equity
2025-10-09,3000,Herself area table campaign camera sort go.,-3683.48,Equity
2025-12-06,5000,Themselves size think.,2215.46,Expense
2025-11-14,4000,Source allow peace.,195.33,Revenue
2025-10-25,1000,Oil mind style culture group window send.,-1352.43,Asset
2025-09-28,1000,Upon player make lose show.,-1253.08,Asset
2025-10-26,3000,Loss police food through bit son let.,1903.69,Equity
2025-12-08,1000,Must head theory write.,687.99,Asset
2025-11-26,1000,Capital blood ready door remain nature low.,1561.9,Asset
2025-11-09,4000,Son individual discover gas decide full.,-2755.43,Revenue
2025-06-09,4000,Early remember TV measure hand child go beautiful.,513.88,Revenue
2025-12-02,1000,Agency tonight seem gun will show.,-1564.8,Asset
2026-02-19,2000,Increase ball along tonight.,-372.88,Liability
2025-06-21,5000,Require sing up himself minute a could.,-336.37,Expense
2025-05-02,3000,Sense remember suddenly teacher let.,-1535.28,Equity
2025-12-11,1000,Board commercial concern difficult.,-1795.66,Asset
2025-05-23,1000,Money center full.,1444.48,Asset
2026-04-03,1000,Last song part program season.,1122.38,Asset
2025-05-12,3000,Agreement staff add save.,-2660.82,Equity
2025-08-04,1000,His let report lead remain beat old across.,-1643.89,Asset
2025-11-20,4000,Themselves style brother system make.,1440.74,Revenue
2025-06-18,5000,Add determine bad push sound place least.,-683.12,Expense
2025-11-17,5000,Sometimes something me.,2389.35,Expense
2025-08-08,3000,Stuff course toward century kind.,96.98,Equity
2026-01-09,3000,Standard prevent particularly staff kind operation.,707.95,Equity
2026-02-05,2000,Tough here mouth without within newspaper.,4020.96,Liability
2025-08-07,4000,Leave ask necessary total.,398.86,Revenue
2025-05-03,3000,Analysis democratic executive financial himself happen two.,1379.84,Equity
2025-07-06,4000,Build pay cut land.,2367.67,Revenue
2025-05-29,5000,Various strong very apply chair crime growth return.,2918.98,Expense
2025-11-01,4000,Board choice single how expert commercial manage.,3867.58,Revenue
2026-02-27,3000,Candidate single study day environment study water nearly.,646.88,Equity
2025-10-11,4000,Animal actually size choice.,758.68,Revenue
2025-10-26,2000,American letter table time.,-2678.41,Liability
2025-09-14,1000,Most available blue notice return if.,1353.28,Asset
2025-11-26,2000,Suddenly civil white ahead small.,3316.0,Liability
2025-11-05,3000,Hot service fund recognize project.,2453.35,Equity
2025-12-22,1000,Bad establish present deep reduce join town maintain.,725.09,Asset
2025-06-28,5000,Drive health trouble building degree.,-785.46,Expense
2025-06-20,1000,Top along else gas type.,-113.61,Asset
2026-03-06,3000,Fast happen exist recognize professor.,-54.91,Equity
2025-11-09,4000,Responsibility remember join also anyone.,85.08,Revenue
2025-06-29,1000,Into close officer president.,856.52,Asset
2025-09-25,3000,Rate future explain.,1423.83,Equity
2025-08-04,2000,Then white position build anyone involve speech.,884.76,Liability
2025-05-17,5000,None author instead edge require.,-4350.53,Expense
2025-09-21,3000,Firm language garden summer health.,1763.66,Equity
2025-08-23,4000,Federal nearly room form arrive.,3236.64,Revenue
2025-10-26,4000,Public cultural able new sure instead so.,2448.17,Revenue
2025-12-19,2000,Reality share message loss course election skill.,-390.94,Liability
2025-08-11,4000,Officer meet serve water sport.,-1864.57,Revenue
2026-01-14,3000,Part especially painting evidence lead.,1689.64,Equity
2025-10-17,4000,On available common send nation.,-1542.81,Revenue
2025-05-07,5000,Kitchen than beat increase career.,2008.03,Expense
2025-07-05,3000,Light image only follow.,-111.58,Equity
2025-10-06,5000,Face religious central address.,-2500.69,Expense
2026-03-22,4000,Trouble letter source section involve newspaper.,1904.19,Revenue
2026-02-27,5000,Fact page interview increase bill.,121.78,Expense
2026-01-15,1000,Mouth value former character.,1563.76,Asset
2025-04-23,5000,Read evidence glass help.,112.75,Expense
2025-06-21,3000,View stop campaign cover treatment born staff.,-2478.24,Equity
2026-01-22,5000,Member everything leg.,3124.39,Expense
2025-08-18,3000,Before next increase garden check.,1273.24,Equity
2026-03-17,4000,Us and center second knowledge project make.,-3479.3,Revenue
2026-03-16,3000,Early film nice blue close church line.,63.07,Equity
2025-06-17,3000,Couple station research board politics.,-1371.06,Equity
2025-12-06,1000,Career cold performance worker land material.,2097.73,Asset
2025-07-31,3000,Case professor pattern area prevent really.,-975.43,Equity
2026-03-19,5000,We cultural action she tend sell.,-1520.16,Expense
2025-05-08,2000,First public carry east meet of current.,-41.45,Liability
2025-11-09,5000,Time we century hour such also area.,587.06,Expense
2025-10-06,1000,Business argue improve history lot serve.,4786.26,Asset
2025-11-03,2000,New kitchen where.,4874.4,Liability
2025-06-08,4000,Care body pressure evidence.,2529.63,Revenue
2026-01-31,3000,Themselves clearly agent stuff brother item.,-44.77,Equity
2025-04-11,2000,Clearly speech laugh guy.,464.87,Liability
2025-09-03,2000,Talk watch measure type peace this pay.,679.15,Liability
2026-03-12,1000,Coach fall figure challenge total.,-1123.77,Asset
2025-12-23,5000,Must carry others effort beyond father.,-536.26,Expense
2025-07-18,3000,Across how put claim.,2499.07,Equity
2025-10-02,1000,Clearly individual within.,2271.19,Asset
2026-02-21,4000,Reduce old dog book far detail.,3143.78,Revenue
2026-02-27,4000,Even set fish reveal officer reason.,2403.28,Revenue
2025-07-23,5000,Character least force authority.,-902.27,Expense
2026-04-03,3000,Admit foot door decision firm born top.,3551.34,Equity
2026-04-02,1000,New Republican two body TV.,-1356.59,Asset
2025-07-10,2000,News scientist seek artist character.,1181.97,Liability
2025-07-14,1000,Wind though four room.,-832.78,Asset
2025-06-13,2000,Newspaper officer without suggest he between.,1027.87,Liability
2025-04-22,1000,Over sense speak consider program white throw.,-2162.05,Asset
2025-06-14,4000,Point ready often pass camera.,1615.85,Revenue
2025-07-06,4000,Believe program general available minute.,-811.76,Revenue
2026-01-26,1000,Significant how popular over think traditional story.,-587.83,Asset
2026-03-24,4000,Reduce to forward including girl stay value.,-106.29,Revenue
2025-08-01,5000,Specific section past section.,2381.06,Expense
2026-01-15,5000,Visit tough late agent inside national side.,3319.1,Expense
2026-02-14,5000,Moment increase direction air.,-1065.73,Expense
2026-01-30,2000,Office development late form feeling rate simple.,2220.28,Liability
2025-09-09,3000,Scientist they hard glass your you.,-2026.94,Equity
2026-02-28,5000,Year carry alone.,-1322.81,Expense
2025-06-22,3000,President night dark.,5887.35,Equity
2025-05-21,2000,Year idea degree either prevent.,6103.38,Liability
2025-07-28,4000,Least author degree others week body despite second.,2005.62,Revenue
2026-03-27,4000,His teach artist notice.,218.76,Revenue
2025-11-08,1000,Animal realize thousand both.,2023.02,Asset
2025-06-23,2000,Thought seven name fly.,4523.26,Liability
2025-11-24,1000,West across industry about group law they.,-170.46,Asset
2025-09-18,1000,Simply present product possible how kind community.,-335.57,Asset
2026-03-09,3000,Despite mention oil page we air body last.,4906.16,Equity
2026-04-01,3000,Itself identify message owner energy.,859.76,Equity
2025-08-01,4000,Recently involve experience reveal very organization.,296.89,Revenue
2025-06-21,3000,Soldier city Democrat family despite.,83.33,Equity
2025-07-31,4000,This speak market weight.,3082.29,Revenue
2025-05-12,5000,Walk fine away theory brother shoulder.,-3602.63,Expense
2025-04-16,5000,Hair whether wish room argue conference.,1275.49,Expense
2025-12-12,5000,Institution shoulder war sign response animal serve.,-2097.3,Expense
2026-03-01,2000,Lose condition several sign.,-2421.02,Liability
2025-11-23,2000,Oil water story position past present.,3627.9,Liability
2025-07-18,3000,Baby top idea environment open.,-2215.92,Equity
2025-11-08,1000,Again its hundred certain manage teacher.,2408.92,Asset
2025-10-02,1000,Course above human garden notice.,700.79,Asset
2026-03-16,2000,Successful speak answer thus continue more loss.,2264.85,Liability
2025-05-26,4000,Instead else central this check perform.,3178.25,Revenue
2025-09-21,1000,Respond safe region week.,4556.59,Asset
2026-03-04,4000,Political determine customer few.,3183.32,Revenue
2026-02-05,5000,Stay research rich mind kitchen always theory.,1521.19,Expense
2025-10-16,3000,Produce challenge consider couple.,2254.39,Equity
2026-03-01,2000,Walk investment response blue.,369.19,Liability
2025-04-06,1000,Lot culture citizen foreign.,5139.7,Asset
2026-02-07,3000,Actually process increase space effect something themselves subject.,1669.1,Equity
2025-05-05,5000,Sense now camera here night.,1497.6,Expense
2025-06-02,1000,Analysis but drive thank threat stand investment.,-1830.63,Asset
2025-07-28,3000,Operation back for option run particular serve.,-2106.19,Equity
2025-06-06,2000,Behind factor discussion official.,32.41,Liability
2026-03-15,5000,Area site medical.,-1211.93,Expense
2025-11-02,4000,Hit according amount.,-836.9,Revenue
2025-04-16,3000,Real less evening environment several your total care.,-1871.07,Equity
2026-02-23,2000,Growth street tax company late make measure.,1084.79,Liability
2025-08-08,1000,Day fly long character almost near.,-2012.33,Asset
2025-08-12,4000,Very free audience remain.,464.57,Revenue
2025-09-29,3000,Reason agency suffer ok again cut keep.,-1010.31,Equity
2026-01-31,5000,Order number impact organization behind black step.,-1732.21,Expense
2025-06-03,5000,Drug hope fine avoid daughter issue.,1189.34,Expense
2025-09-08,2000,Network use and need address computer.,578.97,Liability
2025-06-19,3000,Because Mr agreement old despite.,-1203.85,Equity
2025-07-11,5000,Recognize especially dream design open.,2657.49,Expense
2025-07-20,2000,Argue start trade series.,425.79,Liability
2025-12-22,2000,Be black almost.,-546.06,Liability
2025-08-26,1000,Everything base production decide always might open.,-2418.63,Asset
2026-03-25,5000,Quality top with bed those show.,-1707.08,Expense
2025-07-30,4000,Reflect because pattern score add base.,-1788.19,Revenue
2026-02-05,3000,Fear American side appear course must.,-913.0,Equity
2025-06-13,4000,Son involve choose go whole as until.,-209.72,Revenue
2025-12-21,1000,Throw by have.,422.33,Asset
2025-12-01,1000,Close rise song mention.,2682.54,Asset
2025-07-29,4000,Go right computer special.,-3569.9,Revenue
2025-05-20,2000,Enjoy follow life outside.,2976.44,Liability
2025-11-16,1000,Out card today form maybe size.,984.55,Asset
2026-01-26,5000,Method actually grow apply.,471.97,Expense
2026-04-01,1000,Camera property top receive memory.,883.57,Asset
2025-11-06,4000,Mention themselves somebody ready.,-2464.52,Revenue
2025-10-22,1000,International site measure chair happy contain.,2186.99,Asset
2025-10-29,2000,Much political accept a movie.,775.86,Liability
2025-12-14,5000,Message under administration age.,654.51,Expense
2026-03-26,1000,Put meet join soldier form treat put.,2532.33,Asset
2026-03-10,4000,Certain Congress different here.,-689.18,Revenue
2025-04-29,3000,Candidate garden fact also catch mention.,1649.32,Equity
2025-08-08,5000,Security agree travel become lose person individual.,1060.56,Expense
2025-04-20,3000,Almost skill alone hand part they political.,-512.3,Equity
2025-05-25,5000,Practice child defense similar mouth.,-471.12,Expense
2025-08-25,2000,Agree relate particularly home down.,2432.46,Liability
2025-12-12,1000,Politics guy also provide ahead base page marriage.,3773.65,Asset
2026-03-05,3000,Everything pattern finally poor way interest.,-354.63,Equity
2026-01-17,5000,Sing job manage we special about several cold.,58.82,Expense
2025-06-30,2000,Surface office common stock.,698.57,Liability
2026-03-08,3000,Rate must great game lose poor water.,1798.53,Equity
2025-07-17,4000,Player child from explain if dark.,680.22,Revenue
2025-06-15,3000,Huge specific call step whole also.,1300.64,Equity
2025-06-23,3000,Fill rise herself figure.,1324.92,Equity
2025-08-02,2000,Form level work see man program.,4840.38,Liability
2025-07-27,4000,Show relationship future.,2769.43,Revenue
2025-08-29,5000,Wish provide item despite only food.,3181.73,Expense
2025-10-06,4000,Box understand successful leg stage top science.,-1129.41,Revenue
2026-03-07,1000,Size research top throughout far.,648.35,Asset
2025-07-20,5000,Usually pattern first he two.,3528.82,Expense
2026-03-27,4000,Project region else rate understand.,-3274.99,Revenue
2026-02-08,2000,Speak audience top them.,1853.59,Liability
2025-11-06,4000,Several building order only white.,568.69,Revenue
2025-08-04,1000,Federal where read stage.,336.02,Asset
2025-07-04,2000,Visit still college seven receive.,4304.43,Liability
2025-11-26,1000,Stand house seem throw know.,1402.08,Asset
2025-04-20,4000,Book else season simply must spend.,834.75,Revenue
2025-12-28,2000,While at above use still.,-275.49,Liability
2026-02-13,4000,Current day energy then think from.,1711.89,Revenue
2025-08-22,5000,Relate method into statement.,140.96,Expense
2026-01-31,3000,Standard how gun design.,1625.71,Equity
2025-04-19,1000,Including open bad international player research safe.,-579.26,Asset
2026-03-23,3000,Man person grow social together cultural.,1516.7,Equity
2025-10-22,1000,Save later religious Mrs close.,-351.12,Asset
2025-08-02,4000,Cost marriage education base difficult.,2831.87,Revenue
2026-01-29,2000,Read change southern campaign still reach mention.,4158.74,Liability
2026-02-08,3000,Place admit clearly choose watch simply.,1703.41,Equity
2025-09-12,1000,Doctor even make occur those see there.,2517.51,Asset
2025-11-15,2000,Example property they church time poor.,814.94,Liability
2026-03-24,2000,Section support raise occur rise goal.,2833.27,Liability
2025-09-27,3000,Least stand toward fire.,3455.42,Equity
2025-05-13,2000,Dinner start wall among.,750.0,Liability
2026-02-04,3000,Civil assume piece anyone.,639.7,Equity
2025-07-06,3000,Fine tough majority dinner federal exist husband.,534.48,Equity
2025-09-13,4000,Represent particularly quickly college responsibility cover.,60.96,Revenue
2026-02-08,3000,Pm produce trip one push wind tend.,122.51,Equity
2026-03-24,5000,Source which accept Congress former poor.,3878.26,Expense
2025-06-26,4000,Tv us benefit also add live agreement.,496.73,Revenue
2025-08-15,3000,Effect main she travel performance different.,2974.37,Equity
2026-02-21,4000,Whether health material government return.,-368.01,Revenue
2025-05-13,2000,State animal report position company gas throw.,1030.18,Liability
2025-11-16,4000,Mission certain medical.,6229.38,Revenue
2026-03-31,2000,Act business including same anything possible than.,3100.49,Liability
2025-10-02,2000,Save how house economy.,7.68,Liability
2025-05-29,2000,Participant laugh particular remember believe Mr again.,-1703.19,Liability
2026-02-25,3000,On instead win television.,-2985.64,Equity
2025-10-20,5000,Image cell push member paper address chair choice.,-389.94,Expense
2025-12-20,5000,Democrat type return head economy.,-625.81,Expense
2025-05-05,3000,Base short image box exist both one.,-665.25,Equity
2026-02-06,4000,Upon next collection into.,2958.39,Revenue
2025-05-10,4000,School success energy drive.,-2530.84,Revenue
2025-10-10,4000,Kind produce page.,1146.83,Revenue
2025-11-04,3000,Even spring nor upon.,-1300.93,Equity
2025-08-17,5000,Bank have section little risk street actually.,3014.9,Expense
2025-07-22,4000,Maybe physical life child usually hotel effort successful.,-1246.53,Revenue
2025-06-06,5000,Night pay chance list.,3142.0,Expense
2026-04-02,1000,Physical fire seven speech next.,-702.64,Asset
2025-06-01,2000,Place class cover view something.,3366.87,Liability
2025-09-28,2000,Language girl once center.,1113.69,Liability
2025-12-09,1000,Analysis discuss option food stuff.,171.83,Asset
2025-09-27,2000,Sea themselves war system.,1909.79,Liability
2025-07-05,1000,Generation professional although war middle receive language country.,1106.87,Asset
2025-06-30,3000,Or style reveal opportunity risk expect.,-1705.21,Equity
2025-11-08,5000,Mrs music third wear.,-883.71,Expense
2026-02-13,4000,Claim read media off energy form.,-1208.39,Revenue
2025-11-02,1000,Put not student number.,167.29,Asset
2025-06-02,1000,Well simply she unit fight.,1703.55,Asset
2025-08-09,2000,Bit along direction activity car around.,-1058.57,Liability
2025-05-29,5000,Life but green method mother education.,-1793.19,Expense
2025-06-10,1000,Enjoy church those billion bit safe walk.,-1904.06,Asset
2025-08-16,3000,Take whole attack century avoid least.,-2655.01,Equity
2025-09-20,2000,Economy agent test your spend moment.,192.07,Liability
2025-10-21,4000,Do down effect themselves avoid need.,-14.86,Revenue
2026-01-05,1000,Part one form college other how.,-4326.16,Asset
2025-10-24,5000,Them thought white time entire rich try.,-1766.8,Expense
2025-05-05,2000,Realize ball staff want.,2614.93,Liability
2025-04-06,3000,Over shoulder process open type season.,2468.34,Equity
2025-09-29,2000,Enough law notice from shoulder according.,1507.68,Liability
2025-07-29,4000,Relationship happen feel risk baby enter.,-391.88,Revenue
2026-01-22,3000,Know no where.,161.79,Equity
2026-02-12,4000,Participant lose friend fine outside attack that role.,-2310.3,Revenue
2025-12-28,5000,Garden course bad game hard add create.,871.37,Expense
2025-06-03,2000,Series themselves drive myself kind.,1396.65,Liability
2026-01-16,3000,Fine process range stand.,3123.32,Equity
2025-09-05,4000,Hour product protect fly threat see three.,436.85,Revenue
2025-07-12,5000,Still adult themselves every.,3405.29,Expense
2025-10-10,5000,Leader hot national because benefit.,1742.93,Expense
2025-06-21,3000,Many several education before again view.,-1277.92,Equity
2025-08-11,3000,Hospital our option stay news work new decide.,2044.83,Equity
2026-01-18,1000,Throw reality appear something ten grow.,1129.75,Asset
2025-11-05,5000,Sound Mr capital quickly.,2371.98,Expense
2025-06-30,1000,Large matter test guess meeting person.,94.09,Asset
2025-05-25,4000,Week wide wonder city college good win.,2490.23,Revenue
2025-12-24,2000,High kid impact traditional step collection let.,2017.07,Liability
2025-12-17,5000,East age phone debate.,4951.42,Expense
2025-08-29,4000,Against adult clear charge song.,5531.58,Revenue
2026-03-05,4000,Day eat type pattern have unit.,-1136.75,Revenue
2025-09-25,1000,Matter pass claim miss near.,3208.24,Asset
2026-03-17,4000,Often myself learn investment you.,-1133.54,Revenue
2026-02-26,3000,Their produce on fly while box scene.,-392.48,Equity
2025-06-24,5000,Next first son blood.,1313.79,Expense
2025-11-07,3000,Machine focus attack kind product.,-1961.16,Equity
2025-06-18,5000,Difference wrong attack training treat must image many.,122.22,Expense
2026-01-31,1000,Fall move wrong.,-499.32,Asset
2025-10-16,2000,Staff west discuss head must.,3503.41,Liability
2025-09-19,1000,Find on brother also off.,556.83,Asset
2026-02-21,5000,Risk price home ability.,1839.9,Expense
2025-09-24,3000,Sure court course Mr many relationship success.,5130.11,Equity
2025-12-29,1000,Now who some quickly.,1455.84,Asset
2025-12-04,3000,Dark clear create save little.,-1095.32,Equity
2025-06-20,2000,Perform their require stock either something reason age.,3635.33,Liability
2025-09-06,4000,A leave even market summer back role.,1459.62,Revenue
2026-01-21,3000,Share policy type book imagine hand.,382.73,Equity
2025-08-14,5000,Especially data conference outside opportunity hour south.,2651.03,Expense
2026-03-08,5000,Before create send human nation factor try.,-401.25,Expense
2025-08-12,4000,Modern visit city to coach home much.,3279.87,Revenue
2025-06-12,4000,Something affect major past everything.,-203.58,Revenue
2025-10-04,1000,About whom thought group worry budget father.,4322.08,Asset
2025-05-17,1000,Story reason station apply.,-1980.76,Asset
2025-08-09,5000,Education bring yeah matter pretty your to.,1410.72,Expense
2025-04-28,2000,Response billion treatment create specific.,877.76,Liability
2026-02-08,4000,Seat she may any lawyer development good.,-2786.73,Revenue
2026-02-18,4000,Subject great thank of well foreign.,2529.76,Revenue
2025-07-26,5000,Each happy condition ever animal never knowledge.,2920.51,Expense
2025-11-24,5000,Interest line involve thought girl thus.,2201.19,Expense
2025-06-18,1000,Able suddenly particularly history buy.,-2669.66,Asset
2025-04-29,5000,Or quickly wrong good.,-1600.01,Expense
2025-12-28,1000,Character establish piece owner.,3595.53,Asset
2025-08-18,3000,Reach must street and hair develop.,1045.68,Equity
2026-03-18,3000,Policy everything create chair miss lot.,1826.32,Equity
2026-03-25,5000,Record everyone main.,572.51,Expense
2025-06-24,2000,Like gas eye sea read policy record.,2204.46,Liability
2025-07-27,5000,General none nature film and case really.,1182.9,Expense
2026-03-09,2000,Situation industry safe finish much floor.,-1961.26,Liability
2025-09-01,1000,Loss major try skin.,-114.64,Asset
2025-11-10,4000,Nearly address bag.,-1294.16,Revenue
2025-05-12,3000,Protect we agent less argue support onto.,-1219.43,Equity
2025-05-27,3000,Entire order money more wrong commercial decision.,258.6,Equity
2025-09-24,4000,Step tell bank again lead.,-863.3,Revenue
2025-04-07,2000,Across stuff meet trip.,502.52,Liability
2026-01-10,5000,Clear safe future message.,1257.84,Expense
2025-08-10,5000,Score program listen ready performance doctor brother painting.,1605.39,Expense
2026-01-05,2000,Eight impact give make always.,2513.21,Liability
2025-07-20,3000,End level argue blue place both.,562.23,Equity
2025-10-03,4000,Result leader future military.,2133.52,Revenue
2025-11-20,1000,Attorney available important interesting today PM.,-155.86,Asset
2025-04-27,4000,Others pass pretty foot fact exist institution.,1933.26,Revenue
2025-06-18,2000,Else course although result seven someone.,1255.51,Liability
2025-09-08,2000,Forget southern land indeed ground agree down house.,5325.95,Liability
2026-03-14,5000,Other pull admit along manager almost share.,1174.43,Expense
2025-09-12,2000,Carry act order season.,2565.46,Liability
2025-11-13,1000,Represent well may consider.,460.62,Asset
2025-06-05,2000,Machine yourself deal how behavior adult.,6581.86,Liability
2025-07-29,5000,Wide involve technology seven agreement school.,-3247.38,Expense
2026-02-11,2000,Then final certainly important property.,-1071.82,Liability
2025-04-07,3000,Attorney take game he item trial tree.,1959.03,Equity
2025-06-17,1000,Meeting window others culture right enjoy address.,3954.96,Asset
2025-09-28,5000,After skin usually lot serious.,-3135.25,Expense
2025-05-21,5000,Like start between ball cell news wish.,-656.98,Expense
2025-12-19,1000,In fear work city beyond air.,3351.64,Asset
2025-09-01,4000,Perform stock white business sometimes computer.,1162.78,Revenue
2025-10-06,5000,Trial sign easy weight.,-2111.99,Expense
2025-07-22,4000,World picture itself few score save.,3573.21,Revenue
2025-09-15,2000,Color cost if important hair.,999.22,Liability
2025-11-16,4000,Energy nor dream record religious political chair always.,-541.94,Revenue
2025-05-30,5000,But serious traditional bit tough analysis.,2116.59,Expense
2025-07-25,1000,Benefit reveal major.,-995.03,Asset
2025-11-05,3000,Leave machine whole structure letter.,840.9,Equity
2025-09-12,2000,Ever score ability such new effect.,1269.45,Liability
2025-12-18,3000,With from factor join.,30.3,Equity
2026-01-01,5000,Mission bar discussion again institution.,58.43,Expense
2026-01-17,5000,Every material drug cover staff.,-5528.44,Expense
2026-02-09,1000,Talk walk just education night.,3497.73,Asset
2025-06-10,5000,Century add bar east.,-971.95,Expense
2025-08-26,1000,Course entire government.,3219.29,Asset
2025-08-02,3000,Just commercial alone similar.,-89.81,Equity
2026-01-16,5000,Run summer lay through middle.,1678.64,Expense
2026-02-02,1000,Improve on expect perhaps realize.,-2412.25,Asset
2026-01-13,3000,Item film mention give child series base.,-581.24,Equity
2026-02-15,4000,Owner also hour movie current.,1064.95,Revenue
2026-03-02,1000,Control after too.,1287.56,Asset
2025-07-01,1000,South security would particularly college.,1789.17,Asset
2025-10-24,1000,Nation world scientist increase forward.,1888.29,Asset
2025-09-01,5000,Such over soldier of.,-1623.2,Expense
2026-03-17,1000,College war college example around sea.,1660.57,Asset
2025-07-18,1000,Real happen base agent face major fine.,1077.39,Asset
2025-05-05,3000,Care first feel television indicate.,-11.22,Equity
2025-08-18,2000,Entire often soon you go.,-987.86,Liability
2025-07-11,3000,Green wonder professional fine reveal.,-678.54,Equity
2026-01-29,5000,Generation loss technology buy.,597.05,Expense
2026-01-14,4000,Space cut success two small.,1881.27,Revenue
2026-01-09,5000,Deal throw office.,-2181.91,Expense
2025-08-24,2000,Series table detail send crime effort black.,-327.38,Liability
2026-01-22,2000,Manager pressure coach eye economy technology left.,66.8,Liability
2025-10-21,3000,Economic program glass old bill no teach table.,197.79,Equity
2025-09-14,5000,Instead agree law program project.,-153.1,Expense
2025-09-06,3000,Prove happy activity personal responsibility tough four.,1874.36,Equity
2025-05-08,4000,Free hundred modern factor would.,968.5,Revenue
2025-06-21,1000,Speak environment citizen trade.,-102.59,Asset
2026-02-07,2000,Down work strategy.,1153.57,Liability
2026-02-24,3000,Between still hot win enter cut.,3265.46,Equity
2025-06-17,5000,Here just red some.,1537.29,Expense
2025-04-10,5000,Foreign end Democrat admit treatment.,-1575.94,Expense
2025-10-18,3000,Economy subject thousand yet appear beautiful finally.,-31.91,Equity
2026-03-03,1000,Ago throughout anything catch.,2093.6,Asset
2025-12-16,1000,Indicate outside bring.,-17.84,Asset
2026-01-26,2000,Education person accept bring.,-2941.42,Liability
2025-11-14,5000,Even point forward account upon success.,-564.33,Expense
2025-06-14,2000,Forward positive despite race I protect size.,637.6,Liability
2025-09-21,1000,Between time along director indeed pretty.,2755.9,Asset
2025-11-18,3000,Popular Mrs as nature part accept lot.,1243.8,Equity
2026-03-24,2000,Opportunity thousand usually civil increase.,1928.22,Liability
2025-05-04,5000,Direction national check fire night reason only.,-1731.45,Expense
2025-06-24,1000,Condition rock health cause rate report health.,1463.1,Asset
2025-09-07,2000,Understand bag some data before.,53.46,Liability
2025-12-03,5000,Often college difference education pass beat able.,-1204.84,Expense
2025-09-08,2000,Down land sea enter.,-1338.97,Liability
2025-09-06,3000,Meet even doctor else.,2559.96,Equity
2025-10-31,1000,What side whole recent ten.,-435.6,Asset
2025-09-03,5000,Serious it have firm.,-2183.22,Expense
2026-01-02,2000,I decide move.,-1845.95,Liability
2025-05-24,4000,Back too less light reduce appear risk.,1750.44,Revenue
2026-02-15,1000,Some environment traditional ask campaign.,-469.11,Asset
2025-04-12,3000,Thank strong impact.,1271.77,Equity
2025-05-18,5000,Finish media share economic.,-186.78,Expense
2025-09-03,5000,Never him effort offer different.,2841.66,Expense
2025-10-07,1000,Charge describe exist story other public method glass.,1534.69,Asset
2025-04-22,2000,Half lawyer impact here.,490.8,Liability
2025-07-10,2000,Commercial section somebody the.,4468.1,Liability
2025-08-20,3000,Open scene current plant relationship believe paper.,231.15,Equity
2025-04-19,5000,Sister project today night book blue.,1034.38,Expense
2026-01-26,5000,Analysis picture me citizen they.,-592.87,Expense
2025-09-09,1000,Game send more.,2976.27,Asset
2025-07-24,1000,Ask report work own computer.,1319.84,Asset
2025-05-23,2000,Dream allow rock training.,224.36,Liability
2025-06-22,1000,Campaign shoulder window government.,-2370.0,Asset
2025-12-17,2000,Story heart still debate.,-662.73,Liability
2025-09-19,5000,Director could share out cup leg.,1211.79,Expense
2025-09-19,4000,Enjoy need politics attack line magazine fact thousand.,-1223.3,Revenue
2025-11-10,2000,Notice down table.,-2656.21,Liability
2026-03-14,4000,Discuss stay anything bit.,-24.87,Revenue
2026-01-07,5000,Heavy there better scientist only seem.,576.61,Expense
2025-11-14,4000,Process dark police civil tree themselves member.,530.0,Revenue
2025-04-05,3000,Try soldier improve serious early.,55.35,Equity
2025-08-05,4000,Oil sure election better look myself often whole.,-683.02,Revenue
2025-08-22,3000,Walk sport need success your see.,-986.19,Equity
2026-01-22,5000,Scene out clear.,2427.1,Expense
2025-04-06,4000,Usually still us dog laugh.,88.52,Revenue
2025-04-21,1000,Guess according fine born only.,295.15,Asset
2025-11-29,3000,Positive still wait by heart.,307.3,Equity
2026-01-13,5000,Describe person father tough consider perhaps recognize door.,-1297.94,Expense
2026-03-05,4000,Party phone own.,-2650.89,Revenue
2026-03-04,2000,Inside ask when including kind on.,-353.54,Liability
2025-06-09,5000,Candidate detail exactly put factor candidate.,1062.29,Expense
2025-12-01,3000,Compare student arm for very often school.,196.04,Equity
2025-11-08,5000,Travel thought identify recent group state peace.,-2003.6,Expense
2025-10-19,4000,Believe bank sit control scene prepare.,-758.9,Revenue
2025-06-24,5000,When never play live provide.,90.58,Expense
2025-10-31,4000,Hard drive just myself investment.,2937.46,Revenue
2025-07-02,3000,Crime best before continue dog total.,1865.26,Equity
2025-09-22,1000,Leg around charge.,1488.2,Asset
2025-09-11,5000,His whether since sister hold threat PM look.,-2211.24,Expense
2025-07-20,2000,Same second attorney meeting back sing financial.,-434.12,Liability
2026-03-21,2000,Open begin address arrive.,-201.12,Liability
2025-05-16,1000,Approach home from arrive upon.,-2873.37,Asset
2026-01-12,5000,Say stop people.,-517.24,Expense
2025-11-28,1000,Assume who cause possible group answer.,2014.87,Asset
2025-09-20,1000,Accept yet toward message.,417.55,Asset
2025-04-07,2000,Cover election face professional on short.,789.3,Liability
2026-02-12,2000,Clear those explain despite reveal military.,-83.02,Liability
2025-07-16,3000,Past central note key few ball someone.,-1218.8,Equity
2025-10-27,1000,No page people student before hot believe.,1519.61,Asset
2025-11-05,2000,Indeed material PM.,-1744.15,Liability
2025-06-27,3000,South human through bed cold task.,432.9,Equity
2025-09-10,4000,Real cost item television cultural.,350.42,Revenue
2025-07-04,4000,Mention just per minute reflect eye listen.,225.01,Revenue
2025-12-07,1000,Floor film property pick suddenly.,1012.69,Asset
2025-05-06,3000,Staff purpose customer fill all perform bank approach.,-2901.07,Equity
2025-08-26,3000,Since western minute remember machine difference especially power.,-4071.44,Equity
2025-08-29,2000,Data skill positive develop deep.,3584.81,Liability
2026-02-08,1000,Bill worker fall the.,-701.14,Asset
2025-06-13,5000,Clear see finish recently management far.,964.0,Expense
2026-03-24,4000,While bit American maybe why to.,6668.41,Revenue
2025-11-02,1000,Others apply cup stop send never staff.,662.48,Asset
2025-04-20,5000,Doctor election toward possible will information.,677.6,Expense
2026-03-28,5000,Style almost expect.,-936.39,Expense
2025-10-11,3000,Care beyond run great serve special.,-1543.22,Equity
2025-07-06,1000,Others must agency not the particular.,-1210.58,Asset
2025-04-20,2000,Ago magazine reflect.,2243.6,Liability
2026-03-17,3000,Book manager hope result condition know dream.,-145.11,Equity
2026-02-09,3000,City talk wall.,-1905.15,Equity
2025-08-22,1000,Hour growth evidence state ever.,-3011.81,Asset
2026-03-23,4000,Sport human left.,929.03,Revenue
2026-02-20,4000,End building more apply interesting write.,994.09,Revenue
2025-10-22,2000,If effort always more after election.,1927.77,Liability
2025-11-20,5000,Account all bad guess own long.,-3274.43,Expense
2025-11-04,3000,Religious pressure join treat career friend top.,85.22,Equity
2026-04-03,1000,Value against describe others turn already him.,-3617.47,Asset
2026-01-02,2000,Resource prevent produce along.,-368.44,Liability
2025-10-30,5000,Project later relate black since.,-2117.74,Expense
2025-11-03,3000,View run either green.,2210.48,Equity
2026-02-10,2000,Stage fall understand quality big light.,1185.42,Liability
2025-05-09,5000,Talk source he.,874.23,Expense
2025-05-05,4000,Skin western himself brother cell sense.,2146.02,Revenue
2025-04-03,2000,Mr have source organization.,3113.77,Liability
2025-09-10,2000,Strategy already news kid.,4196.48,Liability
2025-07-28,4000,Large as family cell response.,2753.16,Revenue
2025-10-09,5000,Serve continue view four return.,-1456.51,Expense
2026-02-12,4000,Myself that prove plan director.,4772.06,Revenue
2025-04-26,4000,Simple make game.,2352.65,Revenue
2025-04-06,4000,Drive member fund end.,3612.82,Revenue
2025-10-06,3000,Guess between world daughter occur lawyer.,-5086.67,Equity
2025-12-05,2000,According national into traditional.,-1138.99,Liability
2025-12-12,5000,Particularly record bank ever action language nice.,2856.11,Expense
2025-11-24,4000,Alone attorney hope white.,-178.24,Revenue
2025-08-02,5000,Customer or box above son all.,3850.62,Expense
2025-07-01,1000,Yes matter miss them federal prepare.,1399.73,Asset
2025-10-01,1000,Late hair someone authority per.,-1610.27,Asset
2025-09-18,2000,Nation south yard message item under shoulder.,-476.6,Liability
2025-05-19,5000,Suddenly office soldier dream night get rise.,2634.72,Expense
2025-04-17,1000,Spring become require region protect office choose us.,5980.66,Asset
2025-09-20,2000,Year director prove even specific him entire.,1188.38,Liability
2025-08-04,3000,Bring opportunity standard produce more car act.,-527.67,Equity
2025-08-03,2000,Likely red particular start visit with.,-2841.04,Liability
2025-08-10,3000,Actually he firm the full heart throw.,-631.68,Equity
2025-04-16,1000,Lot down responsibility behind eat four call.,3268.8,Asset
2026-03-14,3000,Almost international almost.,3064.84,Equity
2025-06-26,4000,Wind last accept town fact.,-533.82,Revenue
2026-03-05,1000,Four send green lawyer service policy yourself.,3327.79,Asset
2025-11-10,5000,Article suggest small food always lot fine.,-1562.22,Expense
2025-09-11,3000,Be difference upon follow.,-2377.6,Equity
2025-12-06,2000,Far special care employee view.,1876.33,Liability
2025-11-11,3000,Tell truth right dinner instead.,3212.26,Equity
2025-07-28,3000,Open realize drop one face.,3413.42,Equity
2025-06-13,1000,Edge future very entire special site.,-245.35,Asset
2025-12-12,3000,Property half heavy involve now alone apply artist.,5187.96,Equity
2026-02-01,2000,Cultural every physical else writer require.,3161.47,Liability
2025-12-01,5000,Here act community reduce major so western.,-1886.42,Expense
2026-01-05,5000,Change compare mother magazine.,2289.27,Expense
2026-02-10,2000,Listen sing use cell particularly.,1548.38,Liability
2025-08-24,4000,Happy environment central.,226.5,Revenue
2025-08-19,5000,Sometimes crime condition others everybody.,345.06,Expense
2025-04-12,1000,Live admit window.,-286.59,Asset
2025-06-19,4000,After laugh sing situation part billion.,587.34,Revenue
2026-01-15,1000,Style artist community hundred assume.,-2985.61,Asset
2026-02-23,2000,Let yeah itself specific key drive involve consumer.,-709.8,Liability
2025-11-08,1000,Spring family sister.,-192.36,Asset
2025-12-10,3000,Everything follow stay drive sometimes.,1602.68,Equity
2026-01-27,3000,Air long discover ball economic rock teach.,1850.06,Equity
2025-12-25,5000,Series that skill bill thank.,-2122.6,Expense
2025-05-07,5000,Lawyer officer old near move light program.,-343.66,Expense
2025-08-28,2000,Lay threat learn decide social possible serious.,-1198.22,Liability
2026-03-15,2000,Record face source above alone suggest seat.,1857.61,Liability
2025-09-23,5000,Floor identify information never our instead.,-525.92,Expense
2025-08-27,3000,Soon people these serve might name staff.,2404.62,Equity
2025-05-05,1000,Outside thank whatever church option reduce down.,-2200.49,Asset
2026-02-27,3000,Beautiful keep building for put effect indeed.,-2569.2,Equity
2026-03-04,5000,Stop many need them recent hotel together candidate.,3859.18,Expense
2025-11-06,5000,Loss evening against half main answer wish.,3371.2,Expense
2025-12-27,3000,Billion answer after actually best.,-1338.42,Equity
2026-02-19,5000,President quite look pick again.,1606.33,Expense
2025-11-27,3000,Free them item.,-1976.96,Equity
2025-10-06,1000,Part modern development black visit.,-38.86,Asset
2025-08-14,4000,Matter operation police rate fire put.,1657.51,Revenue
2025-05-27,2000,Black specific federal care alone best wear.,-1657.56,Liability
2025-11-11,2000,Near officer Congress lawyer laugh political to.,2314.48,Liability
2025-10-16,4000,Story government president will fall benefit account city.,-3549.64,Revenue
2025-10-24,2000,Forget support site.,1429.78,Liability
2026-04-03,5000,Member PM front challenge matter deal.,3128.53,Expense
2025-04-12,1000,New along assume art include suffer.,4339.58,Asset
2026-03-27,4000,Give use white administration week character while.,-1473.98,Revenue
2025-09-13,4000,World him grow step.,1239.69,Revenue
2025-11-04,4000,Method operation name home from take leader.,1501.99,Revenue
2026-03-06,4000,Soon force sport from create.,1873.76,Revenue
2025-05-04,1000,Young market receive everybody help sea newspaper.,-2673.86,Asset
2025-09-13,4000,Area recent bag check window call performance.,631.66,Revenue
2025-07-31,2000,Mrs note would give candidate.,74.89,Liability
2026-03-05,3000,Standard with second family stop.,738.33,Equity
2025-11-22,3000,Foot section point finish bar.,-183.06,Equity
2025-11-22,4000,Population baby site sense eat.,-1918.05,Revenue
2025-12-23,5000,Worry feeling economy different rock.,-680.67,Expense
2025-12-16,2000,Group hear box officer.,1774.23,Liability
2025-08-21,5000,What able us day.,-51.42,Expense
2026-02-14,5000,Meeting ahead phone right travel with.,-279.29,Expense
2025-04-09,5000,Color space people candidate.,2774.3,Expense
2025-11-04,1000,Wish laugh century easy practice seem finish.,2671.65,Asset
2025-08-30,2000,Book never perform or discover.,1890.59,Liability
2025-05-21,5000,Eye much big leg often eight little.,3017.2,Expense
2025-05-21,4000,Issue several right action project issue case old.,-43.0,Revenue
2025-06-23,5000,Deep research stop back.,-192.58,Expense
2026-02-04,1000,High value believe likely analysis appear free.,703.0,Asset
2025-07-18,2000,We report add budget.,-1749.37,Liability
2025-05-01,5000,Collection than read record avoid whose hospital.,86.82,Expense
2025-07-21,2000,Role toward administration tree.,345.04,Liability
2025-09-26,3000,Reveal appear station development ability them tonight understand.,3204.04,Equity
2025-06-17,3000,Visit activity various performance.,-1332.94,Equity
2026-03-13,1000,Either seat society even per movie people.,-2105.87,Asset
2026-02-04,1000,Past attack teach when.,1708.4,Asset
2025-10-31,2000,Laugh serve toward from.,1482.45,Liability
2025-07-25,3000,Building best quite lay.,-2982.6,Equity
2026-03-03,5000,Also fear happen computer one despite.,-571.08,Expense
2025-12-25,3000,Hope entire sign yet add kitchen.,1180.23,Equity
2025-06-21,4000,Word they memory.,1957.31,Revenue
2025-10-07,5000,Former late subject tell reason.,4175.16,Expense
2026-01-23,2000,Run hour save prepare.,4240.11,Liability
2025-09-24,5000,Cut treat beyond school guess hard.,-466.63,Expense
2025-04-05,4000,Commercial Mrs only.,-445.76,Revenue
2025-05-22,3000,Kind too man vote.,-731.33,Equity
2025-05-10,3000,Song but fund strategy under position.,2875.13,Equity
2026-02-14,1000,International teacher sister require bit ground.,2286.43,Asset
2025-08-19,4000,Long year six approach real hope.,-1522.7,Revenue
2025-09-29,3000,Sort agency concern politics thought.,3202.88,Equity
2025-08-27,3000,Get consumer important claim.,-1130.89,Equity
2025-12-10,3000,Finish herself lot TV shake.,-2723.35,Equity
2025-06-07,4000,Hotel structure night reason think human.,-1523.62,Revenue
2026-01-26,1000,Professor pattern current fly pretty vote the.,-783.79,Asset
2025-04-07,4000,Forget exactly gun among material.,2758.53,Revenue
2025-12-23,4000,Growth word value left subject positive lawyer.,3258.76,Revenue
2025-10-22,5000,Toward far catch might government.,3020.51,Expense
2025-11-26,4000,Car card suddenly situation material.,987.47,Revenue
2025-06-18,1000,Catch customer account old report.,2605.91,Asset
2025-05-10,2000,House mind shoulder experience.,-384.74,Liability
2025-07-28,5000,Civil similar growth range subject same.,499.78,Expense
2025-08-01,3000,Card research parent occur enjoy.,2133.06,Equity
2026-01-21,3000,Throw necessary already weight.,1851.74,Equity
2026-02-06,3000,Old suggest by base four focus.,690.52,Equity
2025-08-30,2000,Professor along represent hear.,782.2,Liability
2025-04-23,5000,Foot consider likely without.,973.7,Expense
2025-05-04,3000,Design everyone teacher consider.,-1853.3,Equity
2025-08-28,1000,Practice season rule way.,2300.06,Asset
2025-09-04,2000,Interesting win say TV open drug prepare another.,862.82,Liability
2025-08-30,1000,Series great central simply pick per million.,1525.68,Asset
2025-07-09,2000,Enough reveal enough relate.,3515.64,Liability
2025-05-11,4000,Surface together new apply.,-2098.76,Revenue
2025-09-13,3000,Range professor buy wide edge certain sure.,803.27,Equity
2026-03-21,5000,Energy make protect cold not.,643.38,Expense
2025-10-04,1000,Court several daughter instead money property compare.,-43.45,Asset
2026-01-29,3000,Responsibility play outside such list election.,548.08,Equity
2026-01-22,1000,Police parent discover person.,1528.06,Asset
2025-04-25,5000,Difficult force record particularly citizen issue.,95.32,Expense
2025-11-20,5000,Car health economic official.,-2386.44,Expense
2025-06-13,1000,Technology dark draw lot outside scene.,-249.5,Asset
2026-03-28,5000,Area benefit nation society time.,-1989.15,Expense
2025-08-23,5000,Level Republican when law there various anything protect.,3252.62,Expense
2025-10-30,1000,Would listen sea energy ask.,2371.94,Asset
2025-04-17,2000,Trouble better research my sense.,2478.06,Liability
2025-11-09,3000,Reflect could arrive yourself realize opportunity growth.,-558.55,Equity
2026-03-06,2000,Technology system now war how.,468.11,Liability
2026-01-02,4000,Hand fly hour development born.,1185.72,Revenue
